{"web":{"client_id":"829561579891-l4tg8gcp56vufst8m6p9odvsetbe4rp1.apps.googleusercontent.com","project_id":"social-login-434111","auth_uri":"https://accounts.google.com/o/oauth2/auth","token_uri":"https://oauth2.googleapis.com/token","auth_provider_x509_cert_url":"https://www.googleapis.com/oauth2/v1/certs","client_secret":"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","redirect_uris":["http://localhost","http://localhost:80","http://localhost:443"],"javascript_origins":["http://localhost","http://localhost:80","http://localhost:443"]}}